{
  "_id": "f2508ed5-97c4-40f3-8a2e-18d3e637c572",
  "publisherAccountId": "e12d9a6b-27dd-4b7d-a925-496196b6d91f",
  "name": "HS-lookup",
  "source": "Internal",
  "type": "MongoDB",
  "distanceStrategy": "cosine",
  "embedding": {
    "model": "text-embedding-3-large",
    "provider": "OpenAI",
    "dimensions": 3072
  },
  "storeName": "vector-store-xr4wueht838r",
  "dataStoreState": {
    "dataStoreId": "d725c854-3b5e-4726-8774-610c40d38bab",
    "dataSources": [
      {
        "dataSourceId": "6b3fd495-3b70-4a46-9cd8-5b39c3543561",
        "state": "Processed"
      }
    ]
  },
  "status": "Active"
}