{
  "_id": "a14d392c-0187-4a40-9db3-85eb08cb71ba",
  "publisherAccountId": "a02c81f5-3d16-4f55-95d7-a7895864d2d0",
  "name": "HS-lookup",
  "source": "Internal",
  "type": "MongoDB",
  "distanceStrategy": "cosine",
  "embedding": {
    "model": "text-embedding-3-large",
    "provider": "OpenAI",
    "dimensions": 3072
  },
  "storeName": "vector-store-62lpm6ph2tc7",
  "dataStoreState": {
    "dataStoreId": "6443415c-d419-4136-922c-13982ee47946",
    "dataSources": [
      {
        "dataSourceId": "d6e4f0d6-5aeb-4c4f-97f3-6a8ece0f8b5a",
        "state": "Processed"
      },
      {
        "dataSourceId": "d6e4f0d6-5aeb-4c4f-97f3-6a8ece0f8b5a",
        "state": "Processed"
      }
    ]
  },
  "status": "Active"
}