{
  "_id": "58465b89-fae8-4885-b708-5beb5c0f8b2e",
  "publisherAccountId": "a02c81f5-3d16-4f55-95d7-a7895864d2d0",
  "name": "supplier country ",
  "source": "Internal",
  "type": "MongoDB",
  "distanceStrategy": "cosine",
  "embedding": {
    "model": "text-embedding-3-large",
    "provider": "OpenAI",
    "dimensions": 3072
  },
  "storeName": "vector-store-93venuukjq3x",
  "dataStoreState": {
    "dataStoreId": "e884a0b3-1a3e-49cc-922c-077f112e2a8e",
    "dataSources": [
      {
        "dataSourceId": "04f94465-7ad8-42e0-b3c5-8c411e33cbf4",
        "state": "Processed"
      },
      {
        "dataSourceId": "04f94465-7ad8-42e0-b3c5-8c411e33cbf4",
        "state": "Processed"
      }
    ]
  },
  "status": "Active"
}