{
  "_id": "a7ba39ce-04c2-4a08-9467-3c2a94b6ddf5",
  "publisherAccountId": "a02c81f5-3d16-4f55-95d7-a7895864d2d0",
  "name": "tariff",
  "source": "Internal",
  "type": "MongoDB",
  "distanceStrategy": "cosine",
  "embedding": {
    "model": "text-embedding-3-large",
    "provider": "OpenAI",
    "dimensions": 3072
  },
  "storeName": "vector-store-fw2uswmqwb7j",
  "dataStoreState": {
    "dataStoreId": "fe206c64-cc6a-4855-bb33-927de3ce22f2",
    "dataSources": [
      {
        "dataSourceId": "9dbe9740-b1e7-4f04-b166-d3d35814db46",
        "state": "Processed"
      },
      {
        "dataSourceId": "9dbe9740-b1e7-4f04-b166-d3d35814db46",
        "state": "Processed"
      }
    ]
  },
  "status": "Active"
}