{
  "_id": "8a235218-43fa-4efe-a7e4-5811dc67884f",
  "aiPersonaId": "c7769d03-4598-4607-bb2d-915543990ca2",
  "integrationId": "fetch-tariff-and-sanction-5864",
  "name": "Workflow for Fetch tariff and sanction",
  "publisherAccountId": "a02c81f5-3d16-4f55-95d7-a7895864d2d0",
  "startTaskId": "1743235144659",
  "status": "Active",
  "tasks": [
    {
      "_id": "737dfd63-6c25-4f0f-98a3-71b7d8fe2116",
      "type": "Display",
      "config": {
        "description": "Display the response to the user",
        "name": "Display",
        "type": "text",
        "text": "<p><span class=\"text-inherit p-0 m-0 text-primary-dark bg-primary-light/80\" data-type=\"mention\" data-id=\"input.content\">$input.content</span> </p>",
        "formatVariables": [],
        "rawText": "$input.content"
      },
      "transitions": []
    },
    {
      "_id": "1743235144659",
      "type": "RAGQuery",
      "config": {
        "description": "Query RAG",
        "name": "RAG Query",
        "ragContainerId": "b7057846-6a55-4b73-803b-187a0f5935d0",
        "systemPrompt": "Give me the tariff rate and sanctions related data of the mentioned countries ",
        "responseFormat": "text",
        "query": "$agent.query",
        "temperature": 0.7,
        "numOfConversationTurns": 5
      },
      "transitions": [
        {
          "name": "Default",
          "_id": "1743235144659-737dfd63-6c25-4f0f-98a3-71b7d8fe2116",
          "nextTask": "737dfd63-6c25-4f0f-98a3-71b7d8fe2116"
        }
      ]
    }
  ],
  "type": "Conversational",
  "version": "latest",
  "reactflow": {
    "viewport": {
      "x": 0,
      "y": 0,
      "zoom": 1
    },
    "nodes": [
      {
        "id": "0",
        "type": "Start",
        "position": {
          "x": 360,
          "y": 400
        },
        "data": {},
        "deletable": false,
        "measured": {
          "width": 273,
          "height": 136
        },
        "selected": false
      },
      {
        "position": {
          "x": 840,
          "y": 400
        },
        "type": "Display",
        "id": "737dfd63-6c25-4f0f-98a3-71b7d8fe2116",
        "data": {},
        "measured": {
          "width": 298,
          "height": 78
        },
        "selected": false
      },
      {
        "position": {
          "x": 780,
          "y": 210
        },
        "type": "RAGQuery",
        "id": "1743235144659",
        "data": {},
        "measured": {
          "width": 260,
          "height": 78
        },
        "selected": false
      }
    ],
    "edges": [
      {
        "id": "0-1743235144659",
        "type": "Start",
        "source": "0",
        "target": "1743235144659",
        "markerEnd": {
          "type": "arrowclosed",
          "width": 22,
          "height": 22
        },
        "sourceHandle": "0-source-1",
        "targetHandle": "1743235144659-target-1",
        "selected": false
      },
      {
        "type": "Transition",
        "id": "1743235144659-737dfd63-6c25-4f0f-98a3-71b7d8fe2116",
        "source": "1743235144659",
        "target": "737dfd63-6c25-4f0f-98a3-71b7d8fe2116",
        "markerEnd": {
          "type": "arrowclosed",
          "width": 22,
          "height": 22
        },
        "sourceHandle": "1743235144659-source-1",
        "targetHandle": "737dfd63-6c25-4f0f-98a3-71b7d8fe2116-target-1",
        "selected": false
      }
    ]
  }
}