{
  "_id": "c69adb95-f485-4f1a-b70a-0e8d4578e032",
  "aiPersonaId": "c7769d03-4598-4607-bb2d-915543990ca2",
  "integrationId": "find-suppliers-3350",
  "name": "Workflow for Find Suppliers",
  "publisherAccountId": "a02c81f5-3d16-4f55-95d7-a7895864d2d0",
  "startTaskId": "1743234900167",
  "status": "Active",
  "tasks": [
    {
      "_id": "68945a28-31e9-4585-8d4c-17048cfdd86b",
      "type": "Display",
      "config": {
        "description": "Display the response to the user",
        "name": "Display",
        "type": "text",
        "text": "<p><span class=\"text-inherit p-0 m-0 text-primary-dark bg-primary-light/80\" data-type=\"mention\" data-id=\"input.content\">$input.content</span> </p>",
        "formatVariables": [],
        "rawText": "$input.content"
      },
      "transitions": []
    },
    {
      "_id": "1743234900167",
      "type": "RAGQuery",
      "config": {
        "description": "Query RAG",
        "name": "RAG Query",
        "ragContainerId": "0bd34ff8-554b-40e8-a2d9-86333c28583d",
        "systemPrompt": "Based on the the HS code that a previous agent returned for a given product, we return the 3-4 suppliers, product rate and country code assocaited with it",
        "responseFormat": "text",
        "query": "$agent.query",
        "temperature": 0.7,
        "numOfConversationTurns": 2
      },
      "transitions": [
        {
          "name": "Default",
          "_id": "1743234900167-68945a28-31e9-4585-8d4c-17048cfdd86b",
          "nextTask": "68945a28-31e9-4585-8d4c-17048cfdd86b"
        }
      ]
    }
  ],
  "type": "Conversational",
  "version": "latest",
  "reactflow": {
    "viewport": {
      "x": 0,
      "y": -9,
      "zoom": 1
    },
    "nodes": [
      {
        "id": "0",
        "type": "Start",
        "position": {
          "x": 360,
          "y": 400
        },
        "data": {},
        "deletable": false,
        "measured": {
          "width": 240,
          "height": 136
        },
        "selected": false
      },
      {
        "position": {
          "x": 840,
          "y": 400
        },
        "type": "Display",
        "id": "68945a28-31e9-4585-8d4c-17048cfdd86b",
        "data": {},
        "measured": {
          "width": 298,
          "height": 78
        },
        "selected": false
      },
      {
        "position": {
          "x": 690,
          "y": 180
        },
        "type": "RAGQuery",
        "id": "1743234900167",
        "data": {},
        "measured": {
          "width": 260,
          "height": 78
        },
        "selected": false
      }
    ],
    "edges": [
      {
        "id": "0-1743234900167",
        "type": "Start",
        "source": "0",
        "target": "1743234900167",
        "markerEnd": {
          "type": "arrowclosed",
          "width": 22,
          "height": 22
        },
        "sourceHandle": "0-source-1",
        "targetHandle": "1743234900167-target-1",
        "selected": false
      },
      {
        "type": "Transition",
        "id": "1743234900167-68945a28-31e9-4585-8d4c-17048cfdd86b",
        "source": "1743234900167",
        "target": "68945a28-31e9-4585-8d4c-17048cfdd86b",
        "markerEnd": {
          "type": "arrowclosed",
          "width": 22,
          "height": 22
        },
        "sourceHandle": "1743234900167-source-1",
        "targetHandle": "68945a28-31e9-4585-8d4c-17048cfdd86b-target-1",
        "selected": false
      }
    ]
  }
}