{
  "_id": "449c9079-59ed-4592-8f0d-b53fc2245585",
  "aiPersonaId": "c7769d03-4598-4607-bb2d-915543990ca2",
  "integrationId": "hs-finder-1412",
  "name": "Workflow for HS Finder",
  "publisherAccountId": "a02c81f5-3d16-4f55-95d7-a7895864d2d0",
  "startTaskId": "1743234673779",
  "status": "Active",
  "tasks": [
    {
      "_id": "2a731298-8f21-49ba-b37c-9437f96de9f4",
      "type": "Display",
      "config": {
        "description": "Display the response to the user",
        "name": "Display",
        "type": "text",
        "text": "<p><span class=\"text-inherit p-0 m-0 text-primary-dark bg-primary-light/80\" data-type=\"mention\" data-id=\"input.content\">$input.content</span> </p>",
        "formatVariables": [],
        "rawText": "$input.content"
      },
      "transitions": []
    },
    {
      "_id": "1743234673779",
      "type": "RAGQuery",
      "config": {
        "name": "RAG Query",
        "description": "Query RAG",
        "ragContainerId": "390f732b-43c4-463c-ba25-3e5dc197392a",
        "systemPrompt": "Enter the name of the product. If you're unable to find HS code for the particular product then mention so.",
        "responseFormat": "text",
        "query": "$agent.query",
        "numOfConversationTurns": 3,
        "temperature": 0.7
      },
      "transitions": [
        {
          "name": "Default",
          "_id": "1743234673779-2a731298-8f21-49ba-b37c-9437f96de9f4",
          "nextTask": "2a731298-8f21-49ba-b37c-9437f96de9f4"
        }
      ]
    }
  ],
  "type": "Conversational",
  "version": "latest",
  "reactflow": {
    "viewport": {
      "x": -38,
      "y": -30,
      "zoom": 1
    },
    "nodes": [
      {
        "id": "0",
        "type": "Start",
        "position": {
          "x": 360,
          "y": 400
        },
        "data": {},
        "deletable": false,
        "measured": {
          "width": 240,
          "height": 136
        },
        "selected": false
      },
      {
        "position": {
          "x": 840,
          "y": 400
        },
        "type": "Display",
        "id": "2a731298-8f21-49ba-b37c-9437f96de9f4",
        "data": {},
        "measured": {
          "width": 298,
          "height": 78
        },
        "selected": false
      },
      {
        "id": "1743234673779",
        "type": "RAGQuery",
        "position": {
          "x": 516,
          "y": 222
        },
        "data": {},
        "measured": {
          "width": 260,
          "height": 78
        },
        "selected": false,
        "dragging": false
      }
    ],
    "edges": [
      {
        "id": "0-1743234673779",
        "source": "0",
        "target": "1743234673779",
        "type": "Start",
        "markerEnd": {
          "type": "arrowclosed",
          "width": 22,
          "height": 22
        },
        "sourceHandle": "0-source-1",
        "targetHandle": "1743234673779-target-1",
        "selected": false
      },
      {
        "id": "1743234673779-2a731298-8f21-49ba-b37c-9437f96de9f4",
        "source": "1743234673779",
        "target": "2a731298-8f21-49ba-b37c-9437f96de9f4",
        "type": "Transition",
        "markerEnd": {
          "type": "arrowclosed",
          "width": 22,
          "height": 22
        },
        "sourceHandle": "1743234673779-source-1",
        "targetHandle": "2a731298-8f21-49ba-b37c-9437f96de9f4-target-1",
        "selected": false
      }
    ]
  }
}