{
  "_id": "568c4c0f-5eef-42b0-b3d1-0fba67418771",
  "aiPersonaId": "113303ac-699b-4654-9de6-78437750000c",
  "code": "async function processInvoice(invoiceFile) {\n    if (!invoiceFile) {\n        return { error: \"No file uploaded.\" };\n    }\n\n    try {\n        // Convert PDF to text using Uptiq's built-in text extraction\n        let extractedText = await uptiq.extractText(invoiceFile);\n\n        // Simple pattern to extract product names, quantities, and prices (Modify as needed)\n        let productMatches = extractedText.match(/(\\d+)?\\s*([\\w\\s]+)\\s*(\\d+\\.\\d{2})?/g);\n\n        if (!productMatches) {\n            return { error: \"No products found in the invoice.\" };\n        }\n\n        // Convert extracted data into structured format\n        let products = productMatches.map(item => {\n            let parts = item.trim().split(/\\s+/);\n            return {\n                quantity: isNaN(parts[0]) ? null : parseInt(parts[0]),\n                productName: parts.slice(1, -1).join(\" \"),\n                price: isNaN(parts[parts.length - 1]) ? null : parseFloat(parts[parts.length - 1])\n            };\n        });\n\n        // Output structured product data to be used by the RAG query\n        return { products: products };\n    } catch (error) {\n        return { error: error.message };\n    }\n}\n\n// Call the function and pass the result to the next step\nprocessInvoice(input.file).then(result => output(result));\n",
  "name": "text-detector",
  "status": "Active"
}